"date","close","open","high","low","volume","change"
"2024-2-11","278.71","247.78","283.06","246.71","468.56K","12.48%"
"2024-2-10","247.78","250.18","251.59","243.29","37.70K","-0.96%"
"2024-2-9","250.18","244.60","253.50","244.60","79.68K","2.28%"
"2024-2-8","244.60","240.60","245.00","240.31","48.57K","1.66%"
"2024-2-7","240.59","235.21","241.00","234.70","32.62K","2.29%"
"2024-2-6","235.21","235.79","237.90","234.40","57.22K","-0.25%"
"2024-2-5","235.79","235.28","237.99","234.12","39.88K","0.22%"
"2024-2-4","235.28","240.99","244.19","233.64","82.01K","-2.37%"
"2024-2-3","240.99","236.38","242.09","236.13","44.45K","1.95%"
"2024-2-2","236.38","236.69","237.99","234.62","25.09K","-0.13%"
"2024-2-1","236.69","234.30","237.39","230.51","44.78K","1.02%"
"2024-1-31","234.30","237.49","238.99","233.03","77.97K","-1.34%"
"2024-1-30","237.49","241.31","243.79","236.53","46.69K","-1.61%"
"2024-1-29","241.39","236.91","241.99","234.52","53.10K","1.89%"
"2024-1-28","236.91","243.78","245.77","235.09","46.71K","-2.82%"
"2024-1-27","243.78","241.80","244.71","239.21","50.05K","0.82%"
"2024-1-26","241.80","236.60","242.88","234.63","44.66K","2.20%"
"2024-1-25","236.60","236.30","238.17","234.51","52.72K","0.13%"
"2024-1-24","236.30","229.58","238.30","228.49","79.53K","2.92%"
"2024-1-23","229.58","235.58","237.78","219.18","129.18K","-2.55%"
"2024-1-22","235.58","236.84","241.17","231.11","156.02K","-0.57%"
"2024-1-21","236.92","239.09","242.90","236.68","39.25K","-0.91%"
"2024-1-20","239.09","236.78","240.00","235.02","31.43K","0.98%"
"2024-1-19","236.78","237.69","238.09","226.65","93.36K","-0.38%"
"2024-1-18","237.69","244.31","245.09","233.49","81.53K","-2.71%"
"2024-1-17","244.31","251.20","251.38","241.39","119.51K","-2.74%"
"2024-1-16","251.18","250.14","256.21","249.03","80.17K","0.42%"
"2024-1-15","250.14","245.82","257.67","245.29","82.17K","1.76%"
"2024-1-14","245.82","254.11","258.89","245.42","97.22K","-3.26%"
"2024-1-13","254.11","259.58","262.29","251.31","147.98K","-2.11%"
"2024-1-12","259.58","276.16","297.38","251.44","372.61K","-6.12%"
"2024-1-11","276.51","254.49","288.12","250.72","333.11K","8.65%"
"2024-1-10","254.49","244.81","259.90","234.36","145.39K","3.82%"
"2024-1-9","245.11","253.79","257.35","240.48","179.62K","-3.42%"
"2024-1-8","253.79","232.38","255.68","221.31","210.22K","9.22%"
"2024-1-7","232.37","236.09","239.81","229.81","70.33K","-1.58%"
"2024-1-6","236.09","239.30","243.34","231.06","82.28K","-1.35%"
"2024-1-5","239.32","239.68","241.08","230.03","114.82K","-0.15%"
"2024-1-4","239.68","233.99","239.99","232.55","88.31K","2.43%"
"2024-1-3","233.99","256.90","267.03","214.52","262.16K","-8.92%"
"2024-1-2","256.90","267.71","270.56","254.56","139.99K","-3.88%"
"2024-1-1","267.28","259.59","269.35","255.70","116.71K","2.96%"
"2023-12-31","259.59","270.49","272.09","254.14","144.37K","-4.03%"
"2023-12-30","270.49","254.11","287.27","254.02","366.37K","6.45%"
"2023-12-29","254.11","261.69","269.14","249.85","255.57K","-2.90%"
"2023-12-28","261.69","264.13","278.11","257.48","396.60K","-1.06%"
"2023-12-27","264.50","229.20","264.83","226.60","408.88K","15.40%"
"2023-12-26","229.20","234.80","235.08","221.18","128.36K","-2.38%"
"2023-12-25","234.80","228.88","237.47","228.10","70.65K","2.58%"
"2023-12-24","228.88","232.71","233.90","225.87","68.04K","-1.65%"
"2023-12-23","232.71","238.22","238.60","230.10","82.39K","-2.31%"
"2023-12-22","238.22","233.01","243.92","231.70","127.27K","2.24%"
"2023-12-21","233.02","229.52","234.47","228.62","43.79K","1.52%"
"2023-12-20","229.52","225.20","234.53","223.90","125.78K","1.92%"
"2023-12-19","225.20","228.10","230.80","222.90","52.74K","-1.27%"
"2023-12-18","228.10","225.90","228.30","217.70","60.00K","0.97%"
"2023-12-17","225.90","229.80","230.60","225.20","31.19K","-1.70%"
"2023-12-16","229.80","227.10","232.10","225.00","31.05K","1.19%"
"2023-12-15","227.10","237.20","237.20","226.10","50.60K","-4.30%"
"2023-12-14","237.30","235.10","237.80","229.90","76.19K","0.94%"
"2023-12-13","235.10","231.80","237.00","223.40","68.69K","1.42%"
"2023-12-12","231.80","230.50","235.00","227.00","52.55K","0.56%"
"2023-12-11","230.50","251.10","251.60","219.50","138.97K","-8.20%"
"2023-12-10","251.10","252.70","255.20","245.10","48.14K","-0.63%"
"2023-12-9","252.70","253.60","262.80","250.50","110.21K","-0.35%"
"2023-12-8","253.60","246.90","254.60","245.60","73.67K","2.67%"
"2023-12-7","247.00","244.60","249.10","239.60","86.36K","0.98%"
"2023-12-6","244.60","250.90","264.20","243.10","208.75K","-2.67%"
"2023-12-5","251.30","252.30","252.50","238.60","135.11K","-0.24%"
"2023-12-4","251.90","230.00","256.20","229.10","324.51K","9.52%"
"2023-12-3","230.00","228.20","233.10","225.00","68.56K","0.79%"
"2023-12-2","228.20","225.10","228.60","224.80","38.72K","1.38%"
"2023-12-1","225.10","221.40","226.30","220.70","26.73K","1.63%"
"2023-11-30","221.50","223.20","223.40","220.20","22.18K","-0.76%"
"2023-11-29","223.20","223.30","226.90","221.20","39.07K","-0.04%"
"2023-11-28","223.30","223.20","224.70","219.60","41.33K","0.04%"
"2023-11-27","223.20","226.80","229.50","219.40","88.96K","-1.59%"
"2023-11-26","226.80","227.60","229.70","223.30","36.70K","-0.35%"
"2023-11-25","227.60","226.40","228.10","225.60","21.89K","0.53%"
"2023-11-24","226.40","225.10","229.80","224.40","51.47K","0.58%"
"2023-11-23","225.10","223.80","227.60","221.90","43.24K","0.58%"
"2023-11-22","223.80","216.30","224.60","215.60","71.16K","3.47%"
"2023-11-21","216.30","226.20","235.00","212.80","154.17K","-4.38%"
"2023-11-20","226.20","230.10","230.50","225.10","43.38K","-1.69%"
"2023-11-19","230.10","227.30","230.90","224.20","33.61K","1.23%"
"2023-11-18","227.30","229.60","229.70","221.10","35.97K","-1.00%"
"2023-11-17","229.60","234.00","234.80","221.70","91.55K","-1.88%"
"2023-11-16","234.00","237.80","244.80","231.20","111.49K","-1.60%"
"2023-11-15","237.80","231.90","238.10","230.20","58.75K","2.59%"
"2023-11-14","231.80","234.00","238.90","225.20","87.04K","-0.94%"
"2023-11-13","234.00","236.60","240.10","233.00","122.98K","-1.06%"
"2023-11-12","236.50","236.70","239.40","231.30","52.31K","-0.08%"
"2023-11-11","236.70","239.70","241.70","232.80","86.15K","-1.25%"
"2023-11-10","239.70","240.00","242.70","235.10","117.02K","-0.13%"
"2023-11-9","240.00","245.20","257.50","216.60","225.71K","-2.12%"
"2023-11-8","245.20","243.90","247.20","241.70","53.83K","0.53%"
"2023-11-7","243.90","242.80","251.90","237.80","128.43K","0.54%"
"2023-11-6","242.60","237.50","244.80","235.60","56.41K","2.10%"
"2023-11-5","237.60","240.40","243.00","234.50","70.70K","-1.16%"
"2023-11-4","240.40","237.50","240.40","235.80","31.13K","1.22%"
"2023-11-3","237.50","235.50","240.80","231.60","86.16K","0.85%"
"2023-11-2","235.50","245.40","249.20","231.50","111.19K","-4.03%"
"2023-11-1","245.40","244.90","247.10","236.70","90.86K","0.20%"
"2023-10-31","244.90","245.80","248.90","236.20","96.30K","-0.37%"
"2023-10-30","245.80","246.10","250.60","241.50","64.08K","-0.12%"
"2023-10-29","246.10","244.90","249.40","242.60","55.77K","0.49%"
"2023-10-28","244.90","239.20","247.80","239.10","92.95K","2.38%"
"2023-10-27","239.20","247.30","247.40","234.60","73.95K","-3.24%"
"2023-10-26","247.20","254.10","256.80","241.60","99.38K","-2.72%"
"2023-10-25","254.10","251.80","259.60","248.80","99.34K","0.91%"
"2023-10-24","251.80","261.50","269.90","247.70","192.89K","-3.71%"
"2023-10-23","261.50","243.30","264.70","240.50","213.70K","7.48%"
"2023-10-22","243.30","244.00","254.70","237.20","139.12K","-0.29%"
"2023-10-21","244.00","240.40","246.10","237.90","96.09K","1.50%"
"2023-10-20","240.40","227.30","249.30","226.20","158.22K","5.76%"
"2023-10-19","227.30","226.80","234.70","225.00","81.91K","0.26%"
"2023-10-18","226.70","226.40","231.70","224.60","113.31K","0.13%"
"2023-10-17","226.40","230.80","232.20","224.70","104.56K","-1.91%"
"2023-10-16","230.80","215.10","248.20","214.90","269.22K","7.30%"
"2023-10-15","215.10","214.50","216.70","212.80","29.14K","0.28%"
"2023-10-14","214.50","217.20","218.20","214.40","23.39K","-1.24%"
"2023-10-13","217.20","214.00","218.90","211.90","82.61K","1.50%"
"2023-10-12","214.00","214.10","217.00","210.00","73.64K","-0.05%"
"2023-10-11","214.10","212.20","215.80","208.50","87.61K","0.90%"
"2023-10-10","212.20","218.40","220.20","210.30","87.81K","-2.84%"
"2023-10-9","218.40","227.90","229.10","211.20","92.24K","-4.17%"
"2023-10-8","227.90","230.30","233.00","226.80","41.18K","-1.04%"
"2023-10-7","230.30","230.90","236.10","228.50","58.13K","-0.17%"
"2023-10-6","230.70","231.00","233.90","226.10","57.28K","-0.09%"
"2023-10-5","230.90","233.20","234.80","225.50","82.64K","-0.99%"
"2023-10-4","233.20","230.20","234.10","225.30","88.34K","1.30%"
"2023-10-3","230.20","246.20","251.30","228.20","195.91K","-6.57%"
"2023-10-2","246.40","242.00","256.00","240.60","263.00K","1.82%"
"2023-10-1","242.00","233.90","245.00","233.00","108.47K","3.46%"
"2023-9-30","233.90","235.10","238.40","232.30","82.42K","-0.51%"
"2023-9-29","235.10","238.70","240.60","229.60","143.79K","-1.51%"
"2023-9-28","238.70","229.20","244.90","228.00","269.68K","4.14%"
"2023-9-27","229.20","214.60","236.30","213.50","246.63K","6.80%"
"2023-9-26","214.60","210.50","215.70","209.60","108.57K","1.95%"
"2023-9-25","210.50","204.70","213.60","202.50","77.23K","2.83%"
"2023-9-24","204.70","208.20","210.00","204.10","48.73K","-1.68%"
"2023-9-23","208.20","207.80","209.60","206.60","40.46K","0.19%"
"2023-9-22","207.80","208.60","210.10","204.80","69.64K","-0.38%"
"2023-9-21","208.60","215.40","215.70","206.00","101.97K","-3.16%"
"2023-9-20","215.40","218.70","220.90","211.70","133.90K","-1.55%"
"2023-9-19","218.80","217.30","222.20","214.80","100.70K","0.69%"
"2023-9-18","217.30","210.10","224.90","207.90","190.32K","3.43%"
"2023-9-17","210.10","214.60","214.60","205.40","105.71K","-2.10%"
"2023-9-16","214.60","217.20","223.60","212.90","116.65K","-1.20%"
"2023-9-15","217.20","207.90","221.10","206.40","245.88K","4.47%"
"2023-9-14","207.90","199.60","210.10","198.80","174.61K","4.16%"
"2023-9-13","199.60","198.20","203.70","195.80","154.95K","0.71%"
"2023-9-12","198.20","184.10","209.60","184.10","257.93K","7.66%"
"2023-9-11","184.10","190.30","191.60","180.70","112.66K","-3.26%"
"2023-9-10","190.30","193.10","193.10","184.90","76.89K","-1.45%"
"2023-9-9","193.10","193.10","196.40","191.00","45.20K","0.00%"
"2023-9-8","193.10","193.60","197.00","190.70","101.77K","-0.26%"
"2023-9-7","193.60","193.10","194.40","190.10","70.62K","0.26%"
"2023-9-6","193.10","192.10","195.70","190.30","57.56K","0.52%"
"2023-9-5","192.10","193.90","194.90","189.50","64.17K","-0.93%"
"2023-9-4","193.90","196.00","199.00","190.20","92.62K","-1.07%"
"2023-9-3","196.00","195.00","197.80","191.30","62.11K","0.51%"
"2023-9-2","195.00","199.70","201.30","190.90","82.45K","-2.35%"
"2023-9-1","199.70","207.50","211.00","197.90","113.42K","-3.76%"
"2023-8-31","207.50","215.90","222.60","203.50","196.90K","-3.89%"
"2023-8-30","215.90","225.30","225.70","211.70","170.53K","-4.09%"
"2023-8-29","225.10","190.70","228.40","189.00","313.94K","18.04%"
"2023-8-28","190.70","197.80","198.00","187.90","75.09K","-3.59%"
"2023-8-27","197.80","190.10","200.40","190.00","69.90K","4.05%"
"2023-8-26","190.10","192.10","192.20","188.90","24.74K","-1.04%"
"2023-8-25","192.10","194.20","194.30","188.50","78.89K","-1.08%"
"2023-8-24","194.20","193.80","194.80","188.90","77.18K","0.21%"
"2023-8-23","193.80","184.90","196.40","184.70","108.55K","4.81%"
"2023-8-22","184.90","185.70","187.30","178.60","74.59K","-0.43%"
"2023-8-21","185.70","188.90","195.80","181.60","100.81K","-1.69%"
"2023-8-20","188.90","187.20","190.70","186.80","76.29K","0.91%"
"2023-8-19","187.20","187.50","191.80","184.40","117.23K","-0.16%"
"2023-8-18","187.50","184.20","189.60","178.60","185.83K","1.68%"
"2023-8-17","184.40","208.20","211.10","166.40","323.26K","-11.43%"
"2023-8-16","208.20","228.90","231.10","203.00","227.83K","-9.04%"
"2023-8-15","228.90","230.20","237.20","228.10","228.77K","-0.56%"
"2023-8-14","230.20","228.50","231.20","225.80","50.68K","0.74%"
"2023-8-13","228.50","228.70","231.00","225.40","54.50K","-0.04%"
"2023-8-12","228.60","229.10","231.00","227.40","40.25K","-0.22%"
"2023-8-11","229.10","232.00","233.00","227.30","103.57K","-1.25%"
"2023-8-10","232.00","238.70","240.30","230.50","201.22K","-2.81%"
"2023-8-9","238.70","238.50","239.70","234.00","149.18K","0.08%"
"2023-8-8","238.50","237.80","249.30","234.90","358.60K","0.29%"
"2023-8-7","237.80","223.00","243.40","218.90","634.27K","6.64%"
"2023-8-6","223.00","226.80","228.40","221.80","54.57K","-1.68%"
"2023-8-5","226.80","227.70","228.90","223.40","64.83K","-0.40%"
"2023-8-4","227.70","225.40","229.90","222.00","95.28K","1.02%"
"2023-8-3","225.40","229.10","231.60","224.30","95.36K","-1.62%"
"2023-8-2","229.10","245.10","246.80","225.10","200.36K","-6.53%"
"2023-8-1","245.10","247.80","248.80","239.40","113.46K","-1.09%"
"2023-7-31","247.80","253.00","258.90","247.40","147.86K","-2.06%"
"2023-7-30","253.00","241.80","255.80","241.10","174.53K","4.63%"
"2023-7-29","241.80","241.10","242.50","238.60","36.39K","0.29%"
"2023-7-28","241.10","245.30","245.40","241.10","32.59K","-1.71%"
"2023-7-27","245.30","242.00","249.70","241.00","90.36K","1.36%"
"2023-7-26","242.00","236.90","244.50","233.80","101.74K","2.15%"
"2023-7-25","236.90","238.40","238.90","232.60","75.70K","-0.63%"
"2023-7-24","238.40","249.60","253.40","236.00","112.09K","-4.49%"
"2023-7-23","249.60","239.40","255.30","238.30","124.09K","4.26%"
"2023-7-22","239.40","246.10","247.80","237.50","57.88K","-2.72%"
"2023-7-21","246.10","244.00","248.20","241.60","66.22K","0.94%"
"2023-7-20","243.80","244.00","255.00","240.60","124.37K","-0.08%"
"2023-7-19","244.00","243.70","251.40","241.30","120.41K","0.12%"
"2023-7-18","243.70","241.90","247.90","231.90","233.69K","0.74%"
"2023-7-17","241.90","249.90","254.40","236.10","207.01K","-3.20%"
"2023-7-16","249.90","253.40","261.30","248.10","198.99K","-1.38%"
"2023-7-15","253.40","264.10","264.10","247.10","172.90K","-4.05%"
"2023-7-14","264.10","274.20","277.70","256.00","325.98K","-3.68%"
"2023-7-13","274.20","282.20","291.30","268.90","424.67K","-2.83%"
"2023-7-12","282.20","273.80","293.10","272.70","285.44K","3.07%"
"2023-7-11","273.80","274.60","277.30","270.60","132.72K","-0.29%"
"2023-7-10","274.60","265.70","287.20","260.30","371.76K","3.35%"
"2023-7-9","265.70","272.00","278.50","262.80","173.23K","-2.39%"
"2023-7-8","272.20","278.50","282.90","262.20","219.89K","-2.26%"
"2023-7-7","278.50","275.30","288.90","272.60","399.54K","1.16%"
"2023-7-6","275.30","271.50","303.30","268.40","810.66K","1.40%"
"2023-7-5","271.50","272.20","278.20","249.60","495.53K","-0.26%"
"2023-7-4","272.20","292.70","293.00","271.50","278.41K","-7.00%"
"2023-7-3","292.70","299.00","302.30","280.00","387.42K","-2.11%"
"2023-7-2","299.00","291.30","307.10","268.90","804.15K","2.71%"
"2023-7-1","291.10","304.20","309.70","281.20","540.77K","-4.31%"
"2023-6-30","304.20","253.10","327.50","252.30","1.71M","20.19%"
"2023-6-29","253.10","225.10","255.20","224.20","711.13K","12.44%"
"2023-6-28","225.10","229.70","236.10","221.00","732.75K","-2.00%"
"2023-6-27","229.70","223.30","238.70","216.80","727.07K","2.87%"
"2023-6-26","223.30","194.70","229.30","188.10","926.25K","14.69%"
"2023-6-25","194.70","212.60","217.90","186.80","689.92K","-8.42%"
"2023-6-24","212.60","181.90","220.00","179.70","1.00M","16.88%"
"2023-6-23","181.90","133.60","192.60","133.50","786.94K","36.15%"
"2023-6-22","133.60","136.00","148.90","129.80","323.31K","-1.76%"
"2023-6-21","136.00","110.00","139.50","109.70","541.42K","23.64%"
"2023-6-20","110.00","106.80","110.60","105.20","39.29K","3.00%"
"2023-6-19","106.80","106.90","107.30","104.90","22.94K","-0.09%"
"2023-6-18","106.90","106.70","108.80","105.80","34.26K","0.19%"
"2023-6-17","106.70","108.10","108.50","106.20","20.63K","-1.30%"
"2023-6-16","108.10","104.90","109.30","102.90","19.76K","3.05%"
"2023-6-15","104.90","101.70","105.10","101.70","29.18K","3.15%"
"2023-6-14","101.70","105.40","106.30","100.80","24.60K","-3.51%"
"2023-6-13","105.40","102.70","106.60","102.20","31.05K","2.63%"
"2023-6-12","102.70","102.80","104.20","100.80","20.12K","-0.10%"
"2023-6-11","102.80","103.50","103.60","101.60","28.57K","-0.68%"
"2023-6-10","103.50","110.80","111.00","91.50","144.67K","-6.59%"
"2023-6-9","110.80","111.80","112.10","109.70","25.53K","-0.89%"
"2023-6-8","111.80","111.20","112.40","110.40","17.12K","0.54%"
"2023-6-7","111.20","114.90","116.70","110.10","53.08K","-3.22%"
"2023-6-6","114.90","108.80","115.00","107.50","50.09K","5.61%"
"2023-6-5","108.80","115.70","115.70","107.00","61.04K","-5.96%"
"2023-6-4","115.70","114.90","117.00","114.10","36.26K","0.70%"
"2023-6-3","114.90","114.90","115.30","114.20","15.20K","0.00%"
"2023-6-2","114.90","113.40","115.30","112.90","27.53K","1.32%"
"2023-6-1","113.40","113.20","113.50","111.70","19.19K","0.18%"
"2023-5-31","113.20","113.90","114.30","112.10","34.31K","-0.61%"
"2023-5-30","113.90","114.90","115.70","113.90","29.79K","-0.87%"
"2023-5-29","114.90","116.50","117.30","114.60","36.47K","-1.37%"
"2023-5-28","116.50","113.80","116.80","113.70","20.74K","2.37%"
"2023-5-27","113.80","113.20","114.10","112.40","11.82K","0.53%"
"2023-5-26","113.20","112.00","113.80","111.50","17.76K","1.07%"
"2023-5-25","112.00","112.10","112.30","109.60","21.04K","-0.09%"
"2023-5-24","112.10","115.70","115.70","111.30","35.46K","-3.11%"
"2023-5-23","115.70","114.70","117.20","114.70","23.33K","0.87%"
"2023-5-22","114.70","114.60","115.20","113.00","28.26K","0.09%"
"2023-5-21","114.60","116.50","117.10","113.80","13.95K","-1.63%"
"2023-5-20","116.50","115.60","117.00","114.60","17.19K","0.78%"
"2023-5-19","115.60","115.40","116.10","114.60","17.72K","0.17%"
"2023-5-18","115.40","118.00","118.00","112.90","31.71K","-2.20%"
"2023-5-17","118.00","116.70","118.70","115.40","40.41K","1.11%"
"2023-5-16","116.70","116.10","117.50","114.00","24.18K","0.52%"
"2023-5-15","116.10","115.20","120.70","114.50","77.75K","0.78%"
"2023-5-14","115.20","113.00","116.00","112.90","27.03K","2.04%"
"2023-5-13","112.90","114.70","114.90","112.50","21.07K","-1.57%"
"2023-5-12","114.70","113.30","115.50","112.60","43.36K","1.24%"
"2023-5-11","113.30","115.80","115.80","110.70","47.59K","-2.16%"
"2023-5-10","115.80","122.10","123.20","112.20","154.58K","-5.16%"
"2023-5-9","122.10","111.10","123.60","110.20","235.42K","9.90%"
"2023-5-8","111.10","116.10","116.80","108.00","52.80K","-4.31%"
"2023-5-7","116.10","116.90","117.70","115.90","13.44K","-0.68%"
"2023-5-6","116.90","120.00","120.60","115.50","28.81K","-2.58%"
"2023-5-5","120.00","117.30","121.00","117.30","27.51K","2.30%"
"2023-5-4","117.30","120.00","120.20","116.50","18.09K","-2.25%"
"2023-5-3","120.00","119.30","120.80","115.90","28.93K","0.59%"
"2023-5-2","119.30","117.10","119.60","116.40","24.45K","1.88%"
"2023-5-1","117.10","117.70","118.40","115.20","22.69K","-0.51%"
"2023-4-30","117.70","119.70","120.90","117.70","23.46K","-1.67%"
"2023-4-29","119.70","118.00","120.20","117.60","17.02K","1.35%"
"2023-4-28","118.10","117.00","119.70","116.00","53.82K","0.94%"
"2023-4-27","117.00","117.60","120.20","116.40","77.42K","-0.51%"
"2023-4-26","117.60","120.20","123.40","112.20","62.74K","-2.16%"
"2023-4-25","120.20","119.10","120.40","116.60","30.93K","0.92%"
"2023-4-24","119.10","119.80","121.60","118.70","39.35K","-0.58%"
"2023-4-23","119.80","122.10","122.80","118.30","23.38K","-1.88%"
"2023-4-22","122.10","119.80","122.80","119.10","28.30K","1.92%"
"2023-4-21","119.80","123.20","125.00","118.30","44.64K","-2.76%"
"2023-4-20","123.20","124.90","126.80","121.50","39.42K","-1.36%"
"2023-4-19","124.90","133.60","133.90","122.90","77.11K","-6.51%"
"2023-4-18","133.60","131.50","134.20","130.40","33.98K","1.60%"
"2023-4-17","131.50","134.40","134.50","130.30","39.96K","-2.08%"
"2023-4-16","134.30","132.50","136.00","131.20","40.03K","1.36%"
"2023-4-15","132.50","132.20","133.50","130.70","37.45K","0.23%"
"2023-4-14","132.20","131.10","134.30","129.00","60.37K","0.84%"
"2023-4-13","131.10","128.80","131.70","128.00","52.19K","1.79%"
"2023-4-12","128.80","129.10","129.90","125.60","43.00K","-0.23%"
"2023-4-11","129.10","128.00","130.60","127.50","43.08K","0.86%"
"2023-4-10","128.00","125.60","128.60","124.00","32.05K","1.91%"
"2023-4-9","125.60","123.80","126.40","123.40","17.46K","1.45%"
"2023-4-8","123.80","124.50","125.20","122.90","17.82K","-0.56%"
"2023-4-7","124.50","126.00","126.50","123.20","27.87K","-1.19%"
"2023-4-6","126.00","127.20","127.60","125.00","23.16K","-0.94%"
"2023-4-5","127.20","127.10","129.90","125.20","49.96K","0.08%"
"2023-4-4","127.10","127.80","128.30","125.90","49.75K","-0.55%"
"2023-4-3","127.80","123.00","129.50","119.90","117.68K","3.90%"
"2023-4-2","123.00","126.10","126.50","121.30","32.73K","-2.46%"
"2023-4-1","126.10","123.90","127.50","123.50","40.10K","1.78%"
"2023-3-31","123.90","121.10","124.60","120.40","33.00K","2.31%"
"2023-3-30","121.10","123.30","125.20","119.00","61.36K","-1.78%"
"2023-3-29","123.30","120.90","124.80","120.40","57.94K","1.99%"
"2023-3-28","120.90","120.30","122.20","119.10","59.17K","0.50%"
"2023-3-27","120.30","124.80","125.00","116.80","64.55K","-3.61%"
"2023-3-26","124.80","125.20","127.00","123.60","27.65K","-0.32%"
"2023-3-25","125.20","123.70","127.50","123.20","32.84K","1.21%"
"2023-3-24","123.70","128.70","131.80","121.90","81.35K","-3.89%"
"2023-3-23","128.70","125.90","130.90","124.50","88.07K","2.14%"
"2023-3-22","126.00","134.00","134.20","123.10","76.79K","-6.04%"
"2023-3-21","134.10","130.30","134.60","125.80","68.39K","2.92%"
"2023-3-20","130.30","135.70","138.60","129.50","53.71K","-3.98%"
"2023-3-19","135.70","131.10","136.90","131.00","31.90K","3.51%"
"2023-3-18","131.10","135.50","137.90","130.50","47.67K","-3.25%"
"2023-3-17","135.50","125.80","135.60","124.90","56.75K","7.80%"
"2023-3-16","125.70","123.10","126.80","122.20","49.75K","2.11%"
"2023-3-15","123.10","131.00","133.80","122.00","65.35K","-6.03%"
"2023-3-14","131.00","126.60","136.00","125.40","97.28K","3.48%"
"2023-3-13","126.60","120.20","127.90","119.40","91.86K","5.41%"
"2023-3-12","120.10","113.60","120.80","112.00","52.39K","5.81%"
"2023-3-11","113.50","111.50","115.00","107.60","67.44K","1.79%"
"2023-3-10","111.50","110.20","111.90","105.20","62.57K","1.09%"
"2023-3-9","110.30","116.70","118.40","107.10","51.72K","-5.48%"
"2023-3-8","116.70","122.10","122.60","115.00","42.49K","-4.42%"
"2023-3-7","122.10","124.20","125.80","120.10","28.58K","-1.69%"
"2023-3-6","124.20","124.00","125.00","122.30","22.63K","0.16%"
"2023-3-5","124.00","124.40","126.30","123.20","14.75K","-0.32%"
"2023-3-4","124.40","126.40","127.00","122.40","21.86K","-1.58%"
"2023-3-3","126.40","131.80","131.90","120.50","51.03K","-4.02%"
"2023-3-2","131.70","134.30","134.80","129.90","32.70K","-1.94%"
"2023-3-1","134.30","131.90","135.80","131.70","29.84K","1.82%"
"2023-2-28","131.90","135.20","135.30","130.60","37.64K","-2.44%"
"2023-2-27","135.20","136.30","138.20","133.40","33.73K","-0.81%"
"2023-2-26","136.30","133.20","137.40","132.20","27.86K","2.33%"
"2023-2-25","133.20","132.90","135.30","129.90","39.69K","0.23%"
"2023-2-24","132.90","138.80","139.60","130.40","39.43K","-4.25%"
"2023-2-23","138.80","142.10","143.70","137.50","37.06K","-2.32%"
"2023-2-22","142.10","145.20","145.60","137.00","49.88K","-2.13%"
"2023-2-21","145.20","145.10","153.60","143.00","144.38K","0.07%"
"2023-2-20","145.10","136.20","148.90","133.20","123.50K","6.53%"
"2023-2-19","136.20","136.20","140.60","134.90","58.94K","0.00%"
"2023-2-18","136.20","133.40","138.60","133.20","46.25K","2.10%"
"2023-2-17","133.40","128.00","134.60","127.60","51.36K","4.22%"
"2023-2-16","128.00","134.80","135.80","127.70","61.76K","-5.04%"
"2023-2-15","134.80","126.70","135.20","125.10","64.47K","6.39%"
"2023-2-14","126.70","123.70","127.10","122.80","51.04K","2.43%"
"2023-2-13","123.70","122.90","124.60","120.00","64.51K","0.65%"
"2023-2-12","122.90","124.60","126.60","121.60","30.27K","-1.36%"
"2023-2-11","124.60","124.30","125.40","123.20","37.20K","0.24%"
"2023-2-10","124.30","126.50","129.90","124.00","47.43K","-1.74%"
"2023-2-9","126.50","131.60","132.50","122.50","84.28K","-3.88%"
"2023-2-8","131.60","135.90","136.60","129.80","44.51K","-3.16%"
"2023-2-7","135.90","131.50","136.70","131.20","41.19K","3.35%"
"2023-2-6","131.50","134.40","135.00","130.40","29.83K","-2.16%"
"2023-2-5","134.40","138.00","138.30","132.90","42.09K","-2.61%"
"2023-2-4","138.00","137.90","140.00","136.50","31.44K","0.07%"
"2023-2-3","137.90","136.50","139.50","136.10","39.30K","1.03%"
"2023-2-2","136.50","136.10","143.30","135.80","82.41K","0.29%"
"2023-2-1","136.10","133.30","136.90","129.90","50.50K","2.10%"
"2023-1-31","133.30","131.20","136.40","130.60","42.24K","1.60%"
"2023-1-30","131.20","136.60","136.70","128.20","62.19K","-3.95%"
"2023-1-29","136.60","132.80","138.60","132.00","51.27K","2.86%"
"2023-1-28","132.80","135.10","135.70","131.60","28.55K","-1.70%"
"2023-1-27","135.10","133.90","136.20","132.20","44.59K","0.90%"
"2023-1-26","133.90","131.80","134.90","129.90","46.35K","1.44%"
"2023-1-25","132.00","128.20","134.40","125.50","49.03K","2.96%"
"2023-1-24","128.20","133.20","137.10","126.00","57.32K","-3.75%"
"2023-1-23","133.20","128.50","137.20","128.50","96.74K","3.66%"
"2023-1-22","128.50","127.90","132.40","127.20","56.38K","0.47%"
"2023-1-21","127.90","128.10","134.10","126.10","98.72K","-0.16%"
"2023-1-20","128.10","121.60","128.10","120.40","56.33K","5.35%"
"2023-1-19","121.60","118.70","122.50","118.60","39.41K","2.44%"
"2023-1-18","118.70","122.80","127.20","116.60","94.05K","-3.34%"
"2023-1-17","122.80","124.20","125.60","122.00","53.76K","-1.13%"
"2023-1-16","124.20","124.90","127.00","120.10","88.03K","-0.56%"
"2023-1-15","124.90","125.80","127.00","121.40","83.80K","-0.72%"
"2023-1-14","125.80","124.60","131.10","120.50","163.67K","0.96%"
"2023-1-13","124.60","119.70","127.40","117.80","143.66K","4.09%"
"2023-1-12","119.70","109.90","125.10","107.80","241.84K","8.92%"
"2023-1-11","109.90","107.50","110.00","105.50","41.59K","2.23%"
"2023-1-10","107.50","106.90","109.10","105.60","45.53K","0.56%"
"2023-1-9","106.90","103.70","107.90","103.70","68.74K","3.09%"
"2023-1-8","103.70","101.40","103.70","100.90","52.95K","2.27%"
"2023-1-7","101.40","101.80","102.20","101.20","30.27K","-0.39%"
"2023-1-6","101.80","101.10","101.90","98.30","63.11K","0.69%"
"2023-1-5","101.10","101.50","103.40","100.60","60.40K","-0.39%"
"2023-1-4","101.50","99.60","102.50","99.50","58.35K","1.91%"
"2023-1-3","99.60","99.30","100.40","98.80","34.53K","0.30%"
"2023-1-2","99.30","96.80","100.30","95.50","41.70K","2.58%"
"2023-1-1","96.80","97.00","97.60","96.20","10.26K","-0.21%"
"2022-12-31","97.00","96.80","98.40","96.50","24.32K","0.21%"
"2022-12-30","96.80","98.40","98.40","95.30","55.05K","-1.63%"
"2022-12-29","98.40","99.20","100.20","97.30","30.95K","-0.81%"
"2022-12-28","99.20","101.70","102.60","98.80","30.62K","-2.46%"
"2022-12-27","101.70","103.40","103.80","101.10","17.12K","-1.64%"
"2022-12-26","103.40","101.40","103.60","100.90","18.81K","1.97%"
"2022-12-25","101.40","101.80","102.00","99.70","19.30K","-0.39%"
"2022-12-24","101.80","101.90","102.70","101.50","10.47K","-0.10%"
"2022-12-23","101.90","101.40","102.70","101.20","19.14K","0.49%"
"2022-12-22","101.40","100.30","101.50","99.50","15.72K","1.10%"
"2022-12-21","100.30","101.70","102.30","99.80","17.48K","-1.38%"
"2022-12-20","101.70","98.40","102.40","98.30","36.95K","3.35%"
"2022-12-19","98.40","102.00","103.00","97.90","40.52K","-3.53%"
"2022-12-18","102.00","103.10","103.60","101.40","22.89K","-1.07%"
"2022-12-17","103.10","100.10","103.40","98.80","52.34K","3.00%"
"2022-12-16","100.10","107.20","108.00","99.20","65.86K","-6.62%"
"2022-12-15","107.20","109.10","109.90","106.80","33.05K","-1.74%"
"2022-12-14","109.10","110.20","111.30","107.80","48.23K","-1.00%"
"2022-12-13","110.20","106.20","111.30","103.80","118.47K","3.77%"
"2022-12-12","106.20","106.30","106.80","102.90","58.20K","0.00%"
"2022-12-11","106.20","109.00","109.90","106.10","41.74K","-2.57%"
"2022-12-10","109.00","109.80","110.50","108.80","27.12K","-0.73%"
"2022-12-9","109.80","111.90","112.20","109.00","52.14K","-1.88%"
"2022-12-8","111.90","109.10","112.30","108.50","41.74K","2.57%"
"2022-12-7","109.10","112.10","112.60","108.00","51.00K","-2.68%"
"2022-12-6","112.10","110.40","112.20","110.30","42.92K","1.54%"
"2022-12-5","110.40","111.10","117.00","109.70","96.14K","-0.63%"
"2022-12-4","111.10","109.70","111.80","109.50","34.76K","1.28%"
"2022-12-3","109.70","112.00","112.20","109.50","32.27K","-2.05%"
"2022-12-2","112.00","110.30","112.30","108.40","43.98K","1.54%"
"2022-12-1","110.30","113.60","113.80","109.70","57.42K","-2.48%"
"2022-11-30","113.10","111.00","114.60","110.50","57.26K","1.98%"
"2022-11-29","110.90","110.00","113.00","109.10","41.90K","0.82%"
"2022-11-28","110.00","111.10","112.00","106.10","57.59K","-0.99%"
"2022-11-27","111.10","112.50","113.70","110.80","33.84K","-1.24%"
"2022-11-26","112.50","113.80","115.70","111.60","43.91K","-1.14%"
"2022-11-25","113.80","115.80","116.40","113.20","51.86K","-1.73%"
"2022-11-24","115.80","115.00","118.60","113.10","105.51K","0.70%"
"2022-11-23","115.00","109.30","119.30","108.50","184.04K","5.22%"
"2022-11-22","109.30","103.40","109.40","103.10","112.36K","5.71%"
"2022-11-21","103.40","104.90","107.40","100.90","107.31K","-1.43%"
"2022-11-20","104.90","104.90","107.60","103.30","81.72K","0.00%"
"2022-11-19","104.90","105.10","105.70","104.40","32.21K","0.67%"
"2022-11-18","104.20","104.00","105.20","103.70","45.93K","0.39%"
"2022-11-17","103.80","103.40","105.30","101.50","50.61K","0.39%"
"2022-11-16","103.40","103.90","109.70","102.60","95.00K","-0.48%"
"2022-11-15","103.90","103.90","106.30","102.50","87.96K","0.00%"
"2022-11-14","103.90","99.40","104.70","96.40","167.69K","4.53%"
"2022-11-13","99.40","102.60","103.60","98.10","99.44K","-3.12%"
"2022-11-12","102.60","103.10","103.10","97.90","62.57K","-0.48%"
"2022-11-11","103.10","102.70","106.70","99.10","118.58K","0.39%"
"2022-11-10","102.70","89.00","106.20","87.80","180.26K","15.39%"
"2022-11-9","89.00","103.20","104.00","87.30","218.94K","-13.76%"
"2022-11-8","103.20","117.90","118.70","95.70","254.59K","-12.47%"
"2022-11-7","117.90","116.70","119.40","115.40","80.55K","1.03%"
"2022-11-6","116.70","123.70","124.30","116.40","64.34K","-5.66%"
"2022-11-5","123.70","124.50","126.00","122.50","79.13K","-0.64%"
"2022-11-4","124.50","115.60","124.50","115.10","117.77K","7.70%"
"2022-11-3","115.60","113.60","120.00","113.20","76.26K","1.76%"
"2022-11-2","113.60","115.00","121.90","111.90","156.34K","-1.22%"
"2022-11-1","115.00","115.00","116.50","113.90","48.14K","0.00%"
"2022-10-31","115.00","116.10","117.90","113.60","53.42K","-0.95%"
"2022-10-30","116.10","118.60","120.20","114.40","55.14K","-2.11%"
"2022-10-29","118.60","115.50","120.60","115.40","96.39K","2.68%"
"2022-10-28","115.50","112.40","116.20","111.10","58.36K","2.76%"
"2022-10-27","112.40","114.40","116.80","111.70","54.62K","-1.75%"
"2022-10-26","114.40","112.70","116.40","112.00","66.95K","1.51%"
"2022-10-25","112.70","107.90","114.30","107.70","64.70K","4.45%"
"2022-10-24","107.90","110.80","111.10","107.50","30.75K","-2.71%"
"2022-10-23","110.90","108.60","111.10","107.80","28.03K","2.12%"
"2022-10-22","108.60","107.10","110.40","106.20","33.58K","1.40%"
"2022-10-21","107.10","106.50","107.40","103.10","39.97K","0.56%"
"2022-10-20","106.50","106.00","108.90","105.10","31.99K","0.47%"
"2022-10-19","106.00","108.70","109.00","105.60","31.00K","-2.48%"
"2022-10-18","108.70","110.60","111.50","107.20","38.34K","-1.72%"
"2022-10-17","110.60","110.30","111.60","109.20","29.01K","0.27%"
"2022-10-16","110.30","107.90","110.90","107.80","22.90K","2.22%"
"2022-10-15","107.90","107.60","109.50","106.70","28.02K","0.28%"
"2022-10-14","107.60","108.80","111.80","106.60","67.38K","-1.10%"
"2022-10-13","108.80","111.70","113.00","102.10","111.79K","-2.60%"
"2022-10-12","111.70","111.10","112.50","110.70","70.76K","0.54%"
"2022-10-11","111.10","111.60","112.40","109.30","62.69K","-0.45%"
"2022-10-10","111.60","117.20","118.10","110.70","48.27K","-4.78%"
"2022-10-9","117.20","116.90","118.40","116.40","39.88K","0.26%"
"2022-10-8","116.90","116.70","118.70","115.60","37.79K","0.17%"
"2022-10-7","116.70","118.40","120.20","115.50","57.77K","-1.44%"
"2022-10-6","118.40","122.10","123.70","117.90","55.52K","-3.03%"
"2022-10-5","122.10","121.10","123.60","119.10","69.83K","0.83%"
"2022-10-4","121.10","116.20","122.10","115.60","74.09K","4.22%"
"2022-10-3","116.20","114.20","116.50","113.90","64.76K","1.75%"
"2022-10-2","114.20","117.10","118.60","114.00","85.45K","-2.48%"
"2022-10-1","117.10","120.10","121.00","115.90","58.58K","-2.50%"
"2022-9-30","120.10","116.90","124.80","115.40","141.64K","2.74%"
"2022-9-29","116.90","114.20","117.90","113.70","78.51K","2.36%"
"2022-9-28","114.20","114.40","115.90","110.30","78.07K","-0.17%"
"2022-9-27","114.40","116.30","120.40","112.50","105.77K","-1.63%"
"2022-9-26","116.30","113.50","117.50","112.50","66.19K","2.47%"
"2022-9-25","113.50","117.30","118.50","112.30","62.61K","-3.24%"
"2022-9-24","117.30","120.20","122.20","117.30","67.06K","-2.41%"
"2022-9-23","120.20","116.50","120.50","112.60","95.98K","3.09%"
"2022-9-22","116.60","109.10","117.10","108.70","77.97K","6.87%"
"2022-9-21","109.10","112.80","119.10","108.70","124.01K","-3.28%"
"2022-9-20","112.80","112.00","114.90","111.10","86.97K","0.71%"
"2022-9-19","112.00","111.80","113.40","106.80","112.67K","0.18%"
"2022-9-18","111.80","122.10","122.20","110.60","92.10K","-8.44%"
"2022-9-17","122.10","119.50","123.50","119.30","66.65K","2.18%"
"2022-9-16","119.50","117.60","120.80","116.30","102.87K","1.62%"
"2022-9-15","117.60","120.00","122.80","116.00","103.05K","-2.00%"
"2022-9-14","120.00","117.60","120.70","116.20","73.48K","2.13%"
"2022-9-13","117.50","128.90","133.70","116.40","196.22K","-8.84%"
"2022-9-12","128.90","130.40","132.90","126.50","114.45K","-1.00%"
"2022-9-11","130.20","132.60","133.20","127.70","96.17K","-1.81%"
"2022-9-10","132.60","132.80","135.00","130.50","119.60K","-0.15%"
"2022-9-9","132.80","126.60","138.70","126.10","269.30K","4.90%"
"2022-9-8","126.60","118.60","129.90","116.10","212.81K","6.75%"
"2022-9-7","118.60","112.10","119.50","110.60","110.89K","5.80%"
"2022-9-6","112.10","125.70","127.80","111.80","145.78K","-10.75%"
"2022-9-5","125.60","118.30","126.20","117.00","103.30K","6.17%"
"2022-9-4","118.30","117.80","118.30","115.90","66.19K","0.42%"
"2022-9-3","117.80","116.30","119.40","115.80","82.77K","1.29%"
"2022-9-2","116.30","116.70","120.10","114.70","107.02K","-0.34%"
"2022-9-1","116.70","115.20","117.20","112.90","65.71K","1.30%"
"2022-8-31","115.20","114.50","117.90","114.20","50.27K","0.61%"
"2022-8-30","114.50","119.60","120.60","112.00","96.41K","-4.26%"
"2022-8-29","119.60","112.40","119.90","111.10","110.33K","6.41%"
"2022-8-28","112.40","115.10","120.80","112.00","83.91K","-2.35%"
"2022-8-27","115.10","116.00","118.40","113.40","144.27K","-0.78%"
"2022-8-26","116.00","130.60","130.60","114.90","126.48K","-11.18%"
"2022-8-25","130.60","130.30","132.80","128.60","72.46K","0.23%"
"2022-8-24","130.30","133.30","138.60","130.30","122.99K","-2.25%"
"2022-8-23","133.30","122.80","135.70","120.20","161.84K","8.55%"
"2022-8-22","122.80","119.30","123.20","113.60","102.58K","2.93%"
"2022-8-21","119.30","114.80","120.60","114.30","76.69K","3.92%"
"2022-8-20","114.80","114.50","118.30","111.30","80.14K","0.35%"
"2022-8-19","114.40","129.00","129.10","113.40","176.93K","-11.32%"
"2022-8-18","129.00","133.80","136.30","127.90","100.66K","-3.59%"
"2022-8-17","133.80","136.40","144.80","132.60","127.26K","-1.91%"
"2022-8-16","136.40","137.30","138.40","134.70","50.38K","-0.58%"
"2022-8-15","137.20","139.50","143.40","133.80","93.71K","-1.65%"
"2022-8-14","139.50","144.20","147.60","138.30","79.09K","-3.26%"
"2022-8-13","144.20","143.10","147.00","142.50","63.37K","0.77%"
"2022-8-12","143.10","142.90","143.40","138.60","66.45K","0.14%"
"2022-8-11","142.90","142.20","148.60","141.70","145.43K","0.49%"
"2022-8-10","142.20","134.70","143.50","131.50","107.98K","5.57%"
"2022-8-9","134.70","143.50","144.40","133.40","114.29K","-6.13%"
"2022-8-8","143.50","141.00","147.90","140.30","96.91K","1.77%"
"2022-8-7","141.00","141.30","143.90","138.20","62.90K","-0.21%"
"2022-8-6","141.30","141.90","143.50","139.10","84.62K","-0.42%"
"2022-8-5","141.90","134.30","142.10","133.90","110.73K","5.66%"
"2022-8-4","134.30","133.70","138.50","132.50","67.95K","0.45%"
"2022-8-3","133.70","133.70","142.90","130.50","101.43K","0.00%"
"2022-8-2","133.70","138.00","138.90","128.80","129.68K","-3.12%"
"2022-8-1","138.00","139.50","142.20","134.10","105.35K","-1.08%"
"2022-7-31","139.50","145.20","150.30","138.60","114.37K","-3.93%"
"2022-7-30","145.20","151.70","154.60","143.40","171.19K","-4.28%"
"2022-7-29","151.70","155.30","164.50","147.70","404.03K","-2.32%"
"2022-7-28","155.30","127.40","159.50","127.20","461.50K","21.90%"
"2022-7-27","127.40","118.90","127.40","116.20","136.96K","7.15%"
"2022-7-26","118.90","117.80","118.90","113.70","126.92K","0.93%"
"2022-7-25","117.80","131.80","132.80","117.80","166.83K","-10.69%"
"2022-7-24","131.90","122.40","135.00","122.30","164.36K","7.76%"
"2022-7-23","122.40","123.20","127.10","118.30","116.69K","-0.65%"
"2022-7-22","123.20","123.10","129.30","119.80","186.93K","0.08%"
"2022-7-21","123.10","121.70","124.20","117.90","144.41K","1.15%"
"2022-7-20","121.70","128.30","131.10","119.90","166.72K","-5.14%"
"2022-7-19","128.30","122.00","129.40","116.00","255.03K","5.16%"
"2022-7-18","122.00","110.20","122.00","110.10","157.28K","10.71%"
"2022-7-17","110.20","109.50","116.00","107.90","161.06K","0.64%"
"2022-7-16","109.50","106.10","110.60","103.80","87.56K","3.20%"
"2022-7-15","106.10","103.00","107.00","102.10","92.93K","3.01%"
"2022-7-14","103.00","102.50","104.10","99.10","79.40K","0.49%"
"2022-7-13","102.50","97.20","102.60","95.40","101.02K","5.45%"
"2022-7-12","97.20","99.10","100.90","97.10","78.72K","-1.92%"
"2022-7-11","99.10","106.80","107.30","98.70","69.46K","-7.21%"
"2022-7-10","106.80","111.40","111.50","105.40","54.39K","-4.13%"
"2022-7-9","111.40","108.60","113.10","108.50","61.53K","2.58%"
"2022-7-8","108.60","111.50","113.30","107.00","94.13K","-2.69%"
"2022-7-7","111.60","106.00","112.40","105.00","93.60K","5.28%"
"2022-7-6","106.00","104.10","107.30","102.90","98.94K","1.83%"
"2022-7-5","104.10","108.10","108.60","101.90","101.34K","-3.70%"
"2022-7-4","108.10","105.70","108.30","102.60","78.36K","2.27%"
"2022-7-3","105.70","106.60","107.80","101.80","65.19K","-0.84%"
"2022-7-2","106.60","101.40","107.20","100.60","64.60K","5.13%"
"2022-7-1","101.40","103.10","106.10","98.50","105.12K","-1.65%"
"2022-6-30","103.10","104.60","104.90","97.40","144.74K","-1.43%"
"2022-6-29","104.60","103.20","107.90","101.60","141.25K","1.36%"
"2022-6-28","103.20","111.50","112.80","102.40","198.46K","-7.19%"
"2022-6-27","111.20","113.00","117.10","110.30","140.53K","-1.59%"
"2022-6-26","113.00","115.60","119.30","112.60","213.13K","-2.25%"
"2022-6-25","115.60","114.40","116.20","111.40","268.06K","1.05%"
"2022-6-24","114.40","116.20","120.90","113.60","215.93K","-1.55%"
"2022-6-23","116.20","112.70","118.10","112.00","89.03K","3.11%"
"2022-6-22","112.70","119.40","119.40","112.50","123.12K","-5.61%"
"2022-6-21","119.40","118.80","123.10","115.10","330.65K","0.51%"
"2022-6-20","118.80","120.50","124.50","116.20","149.27K","-1.41%"
"2022-6-19","120.50","115.50","122.80","111.20","191.66K","4.33%"
"2022-6-18","115.50","121.20","124.90","109.30","287.25K","-4.70%"
"2022-6-17","121.20","109.40","122.00","106.80","426.67K","10.79%"
"2022-6-16","109.40","127.90","130.60","107.30","320.21K","-14.46%"
"2022-6-15","127.90","126.20","131.00","110.30","219.58K","1.35%"
"2022-6-14","126.20","126.90","134.10","117.90","213.23K","-0.55%"
"2022-6-13","126.90","146.60","148.90","124.10","289.77K","-14.89%"
"2022-6-12","149.10","156.50","158.10","147.90","112.30K","-4.73%"
"2022-6-11","156.50","167.50","169.70","155.00","87.22K","-6.57%"
"2022-6-10","167.50","175.60","177.00","166.00","86.11K","-4.61%"
"2022-6-9","175.60","176.70","180.70","172.80","41.53K","-0.62%"
"2022-6-8","176.70","182.10","182.90","175.10","59.10K","-2.97%"
"2022-6-7","182.10","185.50","188.00","173.30","86.49K","-1.83%"
"2022-6-6","185.50","179.90","189.10","179.20","88.75K","3.11%"
"2022-6-5","179.90","188.80","190.30","178.80","113.49K","-4.71%"
"2022-6-4","188.80","183.10","189.80","180.00","34.96K","3.11%"
"2022-6-3","183.10","189.10","191.60","180.30","53.43K","-3.17%"
"2022-6-2","189.10","185.90","189.80","182.70","63.17K","1.78%"
"2022-6-1","185.80","204.60","210.20","185.00","142.02K","-9.19%"
"2022-5-31","204.60","197.00","207.30","192.20","151.81K","3.86%"
"2022-5-30","197.00","185.20","199.30","184.60","92.64K","6.31%"
"2022-5-29","185.30","178.70","186.30","175.60","54.78K","3.69%"
"2022-5-28","178.70","174.90","180.30","173.00","47.58K","2.41%"
"2022-5-27","174.50","179.60","184.70","171.80","141.73K","-2.84%"
"2022-5-26","179.60","190.30","192.80","173.30","103.16K","-5.62%"
"2022-5-25","190.30","195.60","201.20","189.50","102.54K","-2.71%"
"2022-5-24","195.60","192.00","197.30","183.40","79.39K","1.88%"
"2022-5-23","192.00","197.90","207.40","189.20","116.53K","-2.98%"
"2022-5-22","197.90","192.40","202.30","190.30","57.95K","2.86%"
"2022-5-21","192.40","190.10","195.60","186.60","51.09K","1.21%"
"2022-5-20","190.10","196.50","200.40","186.30","102.77K","-3.26%"
"2022-5-19","196.50","186.70","198.30","181.10","101.47K","5.25%"
"2022-5-18","186.70","206.90","209.10","186.60","80.22K","-9.72%"
"2022-5-17","206.80","197.60","214.20","195.70","244.64K","4.66%"
"2022-5-16","197.60","214.80","214.80","196.20","122.15K","-8.01%"
"2022-5-15","214.80","209.60","216.10","202.90","138.62K","2.48%"
"2022-5-14","209.60","202.40","236.60","186.70","198.31K","3.56%"
"2022-5-13","202.40","193.50","221.30","191.80","320.84K","4.60%"
"2022-5-12","193.50","194.00","224.80","159.00","409.26K","-0.26%"
"2022-5-11","194.00","231.50","249.40","184.20","345.67K","-16.20%"
"2022-5-10","231.50","217.10","243.90","211.30","186.82K","6.63%"
"2022-5-9","217.10","261.60","266.50","215.20","171.50K","-17.01%"
"2022-5-8","261.60","268.10","269.70","260.20","55.07K","-2.42%"
"2022-5-7","268.10","274.90","277.40","263.60","37.44K","-2.47%"
"2022-5-6","274.90","277.30","277.80","266.10","63.32K","-0.87%"
"2022-5-5","277.30","300.00","302.60","273.80","82.94K","-7.57%"
"2022-5-4","300.00","279.40","300.20","278.40","54.29K","7.37%"
"2022-5-3","279.40","285.00","289.60","276.40","39.91K","-1.96%"
"2022-5-2","285.00","283.90","289.50","280.00","53.15K","0.39%"
"2022-5-1","283.90","277.90","287.60","273.50","43.02K","2.16%"
"2022-4-30","277.90","294.60","298.00","267.60","50.63K","-5.67%"
"2022-4-29","294.60","306.50","309.00","291.10","57.48K","-3.88%"
"2022-4-28","306.50","307.20","312.40","303.30","43.65K","-0.23%"
"2022-4-27","307.20","296.00","309.40","293.90","47.61K","3.78%"
"2022-4-26","296.00","314.50","321.60","291.70","65.13K","-5.94%"
"2022-4-25","314.70","307.70","315.70","300.10","52.78K","2.27%"
"2022-4-24","307.70","312.50","314.90","307.30","21.89K","-1.54%"
"2022-4-23","312.50","321.00","323.90","311.60","19.62K","-2.65%"
"2022-4-22","321.00","315.60","334.60","314.40","59.31K","1.71%"
"2022-4-21","315.60","329.90","345.50","312.30","54.45K","-4.33%"
"2022-4-20","329.90","340.50","344.70","329.00","56.56K","-3.08%"
"2022-4-19","340.40","340.30","342.80","332.90","40.65K","0.03%"
"2022-4-18","340.30","328.30","340.80","312.80","55.10K","3.66%"
"2022-4-17","328.30","342.80","348.70","327.30","31.97K","-4.23%"
"2022-4-16","342.80","341.00","347.10","339.20","27.80K","0.53%"
"2022-4-15","341.00","337.60","344.80","333.40","41.38K","1.01%"
"2022-4-14","337.60","341.00","352.70","332.90","72.74K","-1.00%"
"2022-4-13","341.00","305.00","348.40","301.40","139.32K","11.95%"
"2022-4-12","304.60","294.70","307.30","293.50","47.54K","3.36%"
"2022-4-11","294.70","320.00","320.80","291.00","57.68K","-7.91%"
"2022-4-10","320.00","325.90","332.30","318.50","32.57K","-1.81%"
"2022-4-9","325.90","323.00","327.50","321.80","23.75K","0.90%"
"2022-4-8","323.00","336.10","338.50","320.90","39.51K","-3.95%"
"2022-4-7","336.30","331.00","339.90","326.90","36.04K","1.60%"
"2022-4-6","331.00","365.40","367.40","329.30","74.70K","-9.41%"
"2022-4-5","365.40","376.40","381.80","365.10","40.59K","-2.92%"
"2022-4-4","376.40","378.70","379.40","363.30","54.23K","-0.63%"
"2022-4-3","378.80","372.40","381.30","368.30","36.43K","1.69%"
"2022-4-2","372.50","377.20","382.90","370.40","67.86K","-1.25%"
"2022-4-1","377.20","384.20","389.20","363.60","94.80K","-1.82%"
"2022-3-31","384.20","380.10","390.80","362.90","125.11K","1.08%"
"2022-3-30","380.10","373.10","386.70","363.30","88.08K","1.88%"
"2022-3-29","373.10","367.20","385.80","367.00","101.83K","1.61%"
"2022-3-28","367.20","376.60","385.60","365.70","118.06K","-2.50%"
"2022-3-27","376.60","362.10","377.00","354.80","68.50K","4.00%"
"2022-3-26","362.10","365.10","366.30","357.00","45.32K","-0.82%"
"2022-3-25","365.10","366.00","373.50","353.20","103.92K","-0.25%"
"2022-3-24","366.00","364.00","367.50","351.90","86.85K","0.55%"
"2022-3-23","364.00","375.40","384.10","353.50","131.77K","-3.19%"
"2022-3-22","376.00","334.90","384.70","334.40","186.10K","12.27%"
"2022-3-21","334.90","327.40","340.40","320.70","77.67K","2.29%"
"2022-3-20","327.40","327.80","332.10","315.90","63.55K","-0.12%"
"2022-3-19","327.80","305.40","328.30","305.40","43.26K","7.33%"
"2022-3-18","305.40","296.30","306.50","290.70","14.23M","3.07%"
"2022-3-17","296.30","299.90","301.10","294.50","8.39M","-1.20%"
"2022-3-16","299.90","289.30","302.00","287.10","19.46M","3.66%"
"2022-3-15","289.30","289.70","292.70","281.70","14.60M","-0.14%"
"2022-3-14","289.70","280.10","289.90","277.60","13.61M","3.43%"
"2022-3-13","280.10","290.90","295.80","278.30","11.72M","-3.71%"
"2022-3-12","290.90","287.70","294.20","287.30","9.32M","1.11%"
"2022-3-11","287.70","289.40","294.30","281.40","15.20M","-0.59%"
"2022-3-10","289.40","307.20","309.00","284.00","18.73M","-5.79%"
"2022-3-9","307.20","284.70","317.40","283.70","24.01M","7.90%"
"2022-3-8","284.70","274.00","289.60","272.40","20.33M","3.91%"
"2022-3-7","274.00","281.90","290.90","270.30","18.37M","-2.80%"
"2022-3-6","281.90","294.20","296.20","281.40","9.55M","-4.18%"
"2022-3-5","294.20","290.40","295.40","284.30","9.18M","1.31%"
"2022-3-4","290.40","315.30","315.50","285.90","15.41M","-7.90%"
"2022-3-3","315.30","320.30","321.80","306.20","43.76K","-1.56%"
"2022-3-2","320.30","328.70","331.30","318.20","53.01K","-2.56%"
"2022-3-1","328.70","339.10","343.20","321.20","85.18K","-3.07%"
"2022-2-28","339.10","304.00","339.10","300.80","63.68K","11.55%"
"2022-2-27","304.00","314.80","321.10","299.80","68.27K","-3.43%"
"2022-2-26","314.80","308.50","322.60","307.40","70.24K","2.04%"
"2022-2-25","308.50","300.60","311.90","290.50","83.99K","2.63%"
"2022-2-24","300.60","288.30","309.40","259.80","207.48K","4.27%"
"2022-2-23","288.30","293.20","304.70","287.30","61.48K","-1.60%"
"2022-2-22","293.00","283.30","295.30","276.30","83.64K","3.39%"
"2022-2-21","283.40","302.40","310.50","282.70","104.89K","-6.28%"
"2022-2-20","302.40","311.90","312.60","297.10","59.79K","-3.08%"
"2022-2-19","312.00","310.00","315.90","305.60","41.74K","0.65%"
"2022-2-18","310.00","313.10","318.90","306.90","61.69K","-0.99%"
"2022-2-17","313.10","334.30","336.20","309.80","60.24K","-6.29%"
"2022-2-16","334.10","343.00","343.20","328.90","50.83K","-2.59%"
"2022-2-15","343.00","330.50","344.50","328.90","52.38K","3.78%"
"2022-2-14","330.50","333.70","337.40","318.50","61.30K","-0.93%"
"2022-2-13","333.60","330.00","339.70","324.50","65.44K","1.09%"
"2022-2-12","330.00","320.90","330.00","312.10","62.47K","2.84%"
"2022-2-11","320.90","340.70","341.50","316.70","91.99K","-5.81%"
"2022-2-10","340.70","345.80","362.60","336.40","116.70K","-1.47%"
"2022-2-9","345.80","335.20","347.60","328.40","82.94K","3.19%"
"2022-2-8","335.10","343.20","355.70","325.20","135.28K","-2.36%"
"2022-2-7","343.20","324.80","343.70","318.10","100.05K","5.67%"
"2022-2-6","324.80","320.50","328.00","314.10","69.99K","1.34%"
"2022-2-5","320.50","306.20","328.80","302.70","89.96K","4.67%"
"2022-2-4","306.20","280.80","306.50","276.40","87.99K","9.05%"
"2022-2-3","280.80","278.30","280.90","271.10","66.25K","0.90%"
"2022-2-2","278.30","287.70","296.70","276.40","64.35K","-3.27%"
"2022-2-1","287.70","285.10","290.80","282.50","51.81K","0.91%"
"2022-1-31","285.10","290.00","290.40","278.20","68.06K","-1.69%"
"2022-1-30","290.00","298.80","302.00","287.80","43.18K","-2.95%"
"2022-1-29","298.80","296.90","301.70","291.90","35.53K","0.64%"
"2022-1-28","296.90","289.70","297.10","282.20","67.17K","2.49%"
"2022-1-27","289.70","288.80","294.10","277.60","95.35K","0.31%"
"2022-1-26","288.80","291.60","314.90","284.20","123.12K","-0.96%"
"2022-1-25","291.60","292.30","294.50","283.50","100.01K","-0.24%"
"2022-1-24","292.30","302.60","302.60","260.00","213.58K","-3.40%"
"2022-1-23","302.60","291.90","303.20","284.20","120.85K","3.67%"
"2022-1-22","291.90","314.90","318.40","266.30","210.57K","-7.30%"
"2022-1-21","314.90","357.90","359.90","308.30","135.77K","-12.01%"
"2022-1-20","357.90","368.90","384.00","356.30","48.65K","-2.98%"
"2022-1-19","368.90","381.40","384.30","365.90","54.36K","-3.28%"
"2022-1-18","381.40","380.70","397.90","374.80","80.60K","0.18%"
"2022-1-17","380.70","388.10","389.20","373.10","35.41K","-1.91%"
"2022-1-16","388.10","390.90","393.30","382.40","23.27K","-0.72%"
"2022-1-15","390.90","385.60","392.90","383.40","26.58K","1.37%"
"2022-1-14","385.60","376.80","393.40","375.90","49.75K","2.34%"
"2022-1-13","376.80","383.80","391.50","376.50","50.44K","-1.82%"
"2022-1-12","383.80","369.70","385.50","368.00","53.14K","3.81%"
"2022-1-11","369.70","363.60","374.80","361.90","62.63K","1.68%"
"2022-1-10","363.60","376.80","378.30","348.70","99.91K","-3.50%"
"2022-1-9","376.80","372.70","381.00","368.30","52.46K","1.10%"
"2022-1-8","372.70","385.30","391.40","363.00","78.71K","-3.27%"
"2022-1-7","385.30","399.80","401.50","375.40","107.94K","-3.70%"
"2022-1-6","400.10","399.00","402.30","387.80","82.51K","0.28%"
"2022-1-5","399.00","427.20","432.10","391.10","67.57K","-6.60%"
"2022-1-4","427.20","434.70","439.10","425.90","39.45K","-1.68%"
"2022-1-3","434.50","447.70","447.70","431.10","30.83K","-2.95%"